,V1_V2,V1_V3,V1_V4,V2_V3,V2_V4,V3_V4
Shannon_Entropy,0.42055587391623384,0.316262858343744,0.07021595428947384,0.7662183661862865,0.19503432175054897,0.30757962008270967
lbp_energy,0.20974424466613217,0.08440625733216249,0.033754781157169025,0.5303958591127163,0.2112169965353684,0.4849936415283497
gabor_energy,0.11116774050626473,0.006186466869078338,0.003035322282530863,0.21463193030812533,0.044839534241299814,0.230991056451492
ConvexArea,0.05510005832900522,0.04103392651288345,0.3536596588015628,0.9239487391138166,0.3513255569376702,0.29931347841049655
energy,0.043557641723686896,0.003390462738432932,0.0011179065536243507,0.2788670354487932,0.08467688706209499,0.43205147294658863
Kurtosis,0.0009277037449583924,4.050180992534004e-05,0.00011546519508345207,0.31705147914486836,0.4037724576891848,0.9036865748511598
brightness,0.02800202974383711,0.0005515199129800644,0.00043910603064566003,0.17331654023862586,0.13559762545368098,0.863607154983265
correlation,0.3506168675705399,0.2586978234642002,0.9038469235149955,0.841679558641713,0.38842287470198256,0.3079261362563465
Skewness,0.0015128142169109169,3.769192596497354e-05,6.777223537400447e-05,0.25211503173116134,0.27472605190883026,0.9907698175403554
Major axis length,0.1223522585150756,0.21186028553016248,0.7985613992593452,0.7605740939218095,0.19761950916166315,0.3217870531287002
lbp_entropy,0.2514648080577166,0.11929654226986387,0.05365615254318568,0.5987279788537028,0.31715795825300985,0.6242403858266286
Standard Deviation,0.007960188401241238,7.929339329768015e-05,0.00014325948294260094,0.15063240389934385,0.1680781255745156,0.9981422020408454
homogeneity,0.5007804660597988,0.4098977616241144,0.10102915885688639,0.821054353033126,0.22433685437959522,0.31472529551987605
Solidity,0.8412204379535412,0.35762041234424014,0.18467839027191826,0.4865053262642073,0.26635658650121347,0.634312835754401
Mean,0.02800202974383711,0.0005515199129800644,0.00043910603064566003,0.17331654023862586,0.13559762545368098,0.863607154983265
FilledArea,0.03837528936657516,0.01559249733238098,0.2512370292838222,0.7361070318956984,0.3899058215308021,0.23382052145585733
dissimilarity,0.6402723726292905,0.2753094127909535,0.059999914735055095,0.486735376648892,0.11562904862683124,0.34281563490960554
EquivDiameter,0.11271286359937809,0.07876781929301674,0.9159925050621949,0.8426862322748321,0.1768951452848465,0.13002208302995713
Minor axis length,0.19696400796119196,0.08080287851919218,0.6511015219461964,0.6226493445490987,0.1409144045542149,0.06453796463597186
gabor_entropy,0.08893631713109132,0.005511785448848001,0.00046558496673666685,0.21787782235367686,0.03273588774803483,0.32584843504943095
Area,0.03871731188859894,0.01614968172888613,0.2530486505402882,0.7453648105137809,0.3896182002771028,0.23786699621155982
contrast,0.643358042172145,0.18243843951402985,0.04330784328600694,0.3399785365363126,0.08559300751966911,0.38407569735203906
NP1ANXS,0.8886234736358177,0.31288177188662064,0.17346808805450822,0.2589567302584416,0.2260458154353055,0.022581207181834637
NP1PAIN,0.051963947772104835,0.045157032047090186,2.183191528158274e-06,0.9597930963574102,0.005587301425886023,0.006303439013579923
NP1SLPD,0.06643378975721624,0.0005824995515616856,1.586452089670359e-11,0.10905054593533789,6.10145835954451e-07,0.0005319132480373421
NP2DRES,0.00396161938348705,0.001748112712994156,2.4557211458361245e-10,0.7748576851671135,0.00018490689637306744,0.0005774163896397626
NP2EAT,0.004955461101645545,0.0007176552259301928,1.3915586847556458e-09,0.4564532502050992,0.0005185028557735584,0.008728140015220393
NP2FREZ,0.005597973081256548,0.0011896886651188941,1.2631280378647912e-06,0.28750036088159703,0.004052231911592235,0.08228998446000257
NP2HOBB,0.0308327513324785,0.007513230581923524,5.8868309686234354e-08,0.6288525162162715,0.0009297439055879213,0.004048054461887821
NP2HYGN,0.19567277330762614,0.6398838956626579,0.00634840561761806,0.3879278674422164,0.12480689725141536,0.01782778768438567
NP2RISE,0.007197225947984237,0.0023131842965966806,4.180898792798691e-09,0.7811264426356322,0.000765718331912361,0.0014951047325937967
NP2SPCH,0.06295058551996947,0.017223874295637823,3.5331996963782054e-06,0.6311468720632488,0.004755685295788189,0.016321943819334703
NP2TURN,3.869872061981302e-05,0.0007840495640072737,2.8310862238710513e-13,0.4899447719756571,0.00034567704059864404,2.973536217992808e-05
NP2WALK,0.018786486106175587,0.0028964315626802384,8.81345385223207e-09,0.533379500125525,0.0004900566945016417,0.003863603590410633
NP3BRADY,0.24399280691264677,0.040007766536100275,0.0025949585523568383,0.38816655148144963,0.07919380505761606,0.3853639051050256
NP3FACXP,0.7950565646428008,1.0,0.052413013562429285,0.8030585398551554,0.09233864920116852,0.06123397357025517
NP3FTAPL,0.11095080788429341,0.027901241883264226,0.0008251183916268747,0.5314266518449073,0.07660896956431275,0.25816094419655644
NP3FTAPR,0.18468549172519652,0.18005879959398666,0.07798333347048751,1.0,0.6894353948209393,0.6864381646353936
NP3HMOVL,0.0167390624755815,0.03131446476007455,0.00021139718747671552,0.8360924002719055,0.20765904625095252,0.14564816577235734
NP3HMOVR,0.10572903489839548,0.11829169055431107,0.01673608004047319,0.9583311202771279,0.48318668831187195,0.4507543076018048
NP3LGAGL,0.08511330278038415,0.02404494072925219,1.1699042877275511e-07,0.626019868202617,0.0003255724399341968,0.0014445111989698511
NP3LGAGR,0.8379416504488452,0.2870800657848742,0.00036453685780303373,0.22208065338494132,0.00027568708357992243,0.013588189830711228
NP3POSTR,0.019759486999276068,0.006926669122015904,1.4119862968036464e-05,0.7107783856859626,0.032703838642273615,0.07471146080558687
NP3PRSPL,0.2903888775720596,0.17593034392570742,0.006006209548833654,0.8015834382861772,0.09958480353009103,0.14714097254558475
NP3PTRML,0.1770375421068525,0.45057394521540495,1.0,0.5770530147953946,0.17392482415368773,0.44734622974779015
NP3RIGN,0.11021567599252242,0.005580337487737635,0.0001086034303055439,0.20963756221304564,0.017387288447214922,0.2748899948512133
NP3RIGRU,0.11428748602501769,0.1805694896658134,0.018079390165850837,0.8299531269313583,0.418342523385587,0.3134501321159818
NP3RISNG,0.058134259194442914,0.008807638593954616,0.00016105383148999757,0.4221957891031749,0.05733064865351474,0.2942913134745663
NP3RTCON,0.49629153246279545,0.5209298022795916,0.9709043775750893,0.20085342541778192,0.5013088428738802,0.571529036247897
NP3SPCH,0.023530568832085975,0.013487670197563162,5.541910190826421e-06,0.8213816519534368,0.017576574331852095,0.03236020181402622
NP3TTAPL,0.20150105350465197,0.10852587813782918,6.293130917020184e-07,0.7869844958755114,0.0001910594229055924,0.00030948538186339894
NP3TTAPR,0.14500086359038744,0.030255193646937406,6.294086640825328e-05,0.46631659423388794,0.007794947132546368,0.05009161421401944
